id,name,images,description
0,Manzanilla La Gitana,images\download.jpg,hello
1,Pol Roger Rose 1998,images\download1.jpg,bello
2,Rosseau Chambertin 2001,images\download2.jpg,cello
3,Molino Real 2002,images\download3.jpg,chello
4,Raveneu Le Clos 1996,images\download4.jpg,mello
5,Vi√±a Tondonia Blanco Reserva 1981,images\download5.jpg,fellow
6,Vega Sicilia Unico 1989,images\download6.jpg,bwello
7,JL Chave Hermitage 2001,images\download7.jpg,jello
8,Chateau Latour 1982,images\download8.jpg,killo
9,Le Grappin Bagnum Rose 2013,images\download9.jpg,mayalu
10,La Bota de Amontillado 1,images\download (1).jpg,chirkut
11,amira,images\download3.jpg,adhhh
